id,first_name,last_name,email,gender,country,age
1,Sephira,MacAirt,smacairt0@army.mil,Female,Netherlands,50
2,Gottfried,Degoy,gdegoy1@huffingtonpost.com,Male,Latvia,19
3,Dewie,Denys,ddenys2@reuters.com,Male,China,28
4,Isac,Gounel,igounel3@go.com,Male,Brazil,85
5,Hernando,Mc Carrick,hmccarrick4@japanpost.jp,Male,Armenia,58
6,Katlin,Baldung,kbaldung5@blogger.com,Female,Canada,43
7,Rudyard,Rayworth,rrayworth6@feedburner.com,Male,Sweden,23
8,Greta,Knuckles,gknuckles7@blogs.com,Female,Guatemala,34
9,Hazel,Braham,hbraham8@geocities.com,Female,China,44
10,Barn,Arnao,barnao9@ihg.com,Male,China,58
11,Loy,Glancy,lglancya@google.co.jp,Male,Slovenia,61
12,Allys,Knatt,aknattb@storify.com,Female,Peru,50
13,Kaspar,Sizey,ksizeyc@cisco.com,Male,Brazil,34
14,Wade,Hyland,whylandd@ebay.com,Male,Kenya,37
15,Mildred,Tottie,mtottiee@alexa.com,Female,Brazil,44
16,Bary,Matzke,bmatzkef@purevolume.com,Male,China,31
17,Darrin,Cooke,dcookeg@canalblog.com,Male,Finland,45
18,Edgardo,Rosin,erosinh@tmall.com,Male,Indonesia,56
19,Vannie,Leeburn,vleeburni@addtoany.com,Polygender,China,65
20,Kara,Orys,korysj@oaic.gov.au,Female,Colombia,80
21,Austine,Renihan,arenihank@alibaba.com,Female,Indonesia,21
22,Cornelia,Horning,chorningl@1688.com,Bigender,United States,40
23,Linc,Boyall,lboyallm@craigslist.org,Male,United States,28
24,Sunny,O' Driscoll,sodriscolln@ibm.com,Female,Philippines,85
25,Dillon,Veschi,dveschio@telegraph.co.uk,Male,China,65
26,Amalle,McKinnon,amckinnonp@about.me,Female,Portugal,65
27,Meyer,Flintuff,mflintuffq@domainmarket.com,Male,China,40
28,Jacinda,Beran,jberanr@paypal.com,Female,Sweden,42
29,Pierre,Culpen,pculpens@gov.uk,Male,China,69
30,Davidson,Rosendorf,drosendorft@seattletimes.com,Male,Honduras,83
31,Coreen,Trenear,ctrenearu@wordpress.org,Female,Indonesia,19
32,Lorry,Pulley,lpulleyv@unc.edu,Male,Russia,28
33,Saundra,Goldin,sgoldinw@dot.gov,Male,China,82
34,Abdel,Farnorth,afarnorthx@goo.ne.jp,Male,Armenia,82
35,Trudey,Croxon,tcroxony@wiley.com,Female,China,73
36,Tomasine,Stocker,tstockerz@state.tx.us,Female,China,86
37,Brunhilda,Assante,bassante10@google.com.au,Female,Ireland,22
38,Leroi,Chesshyre,lchesshyre11@yahoo.com,Genderfluid,China,54
39,Eziechiele,Malia,emalia12@360.cn,Genderfluid,South Africa,88
40,Baillie,Chazelas,bchazelas13@indiegogo.com,Male,South Korea,28
41,Thea,Higounet,thigounet14@squarespace.com,Female,Peru,50
42,Onfre,Stewartson,ostewartson15@usgs.gov,Male,Japan,25
43,,,,,,
44,Lida,Lauritsen,llauritsen17@europa.eu,Female,China,31
45,Gerianna,Melrose,gmelrose18@mysql.com,Female,Norway,72
46,Amelita,Ricco,aricco19@addthis.com,Female,Poland,67
47,Olvan,Jouanot,ojouanot1a@umich.edu,Male,Saint Lucia,28
48,Emmerich,Garwill,egarwill1b@comcast.net,Male,Kazakhstan,75
49,Cristie,Rayne,crayne1c@answers.com,Female,China,89
50,Toby,Seivwright,tseivwright1d@google.com.hk,Female,China,54
51,Perle,Parke,pparke1e@wikia.com,Female,Czech Republic,47
52,Dale,Worledge,dworledge1f@lycos.com,Female,China,31
53,Moselle,Annandale,mannandale1g@1688.com,Female,Mexico,35
54,Torrance,Scotchbourouge,tscotchbourouge1h@elpais.com,Male,Sweden,23
55,Leland,Bice,lbice1i@weather.com,Male,Bangladesh,65
56,Hartwell,Downes,hdownes1j@adobe.com,Male,Philippines,68
57,Cassandry,Argrave,cargrave1k@pen.io,Female,Tunisia,31
58,Wilfrid,Priddy,wpriddy1l@zdnet.com,Male,China,31
59,Jareb,Ciobotaro,jciobotaro1m@domainmarket.com,Bigender,China,21
60,Lacee,di Rocca,ldirocca1n@skype.com,Female,Indonesia,55
61,Skipp,Blakeborough,sblakeborough1o@cpanel.net,Male,France,48
62,Harley,Pigdon,hpigdon1p@4shared.com,Male,Greece,65
63,Astra,Waycott,awaycott1q@ca.gov,Female,Russia,64
64,,,,,,
65,Moreen,Corsar,mcorsar1s@chronoengine.com,Female,Gambia,76
66,Billy,Littledyke,blittledyke1t@odnoklassniki.ru,Female,Portugal,87
67,Germayne,Flintoft,gflintoft1u@technorati.com,Male,Indonesia,51
68,Linette,McGloin,lmcgloin1v@narod.ru,Female,Honduras,42
69,Buckie,Cestard,bcestard1w@acquirethisname.com,Male,Nigeria,85
70,Pasquale,Moen,pmoen1x@jimdo.com,Male,Ireland,52
71,Boothe,Drew-Clifton,bdrewclifton1y@loc.gov,Genderfluid,Portugal,38
72,Sara-ann,Feavyour,sfeavyour1z@stumbleupon.com,Female,Argentina,69
73,Mohandis,Willan,mwillan20@huffingtonpost.com,Male,Indonesia,79
74,Fidelity,Boomes,fboomes21@qq.com,Female,Poland,27
75,Beauregard,Strut,bstrut22@npr.org,Male,Poland,33
76,Cari,Rainard,crainard23@house.gov,Female,China,46
77,Boycey,Benkhe,bbenkhe24@theguardian.com,Male,Brazil,36
78,Alica,Pontefract,apontefract25@imageshack.us,Female,Ukraine,86
79,Saul,Miller,smiller26@sogou.com,Male,Portugal,43
80,Viva,Yglesia,vyglesia27@webs.com,Female,Libya,37
81,Melisa,Aarons,maarons28@blogs.com,Female,China,37
82,Anette,Foot,afoot29@plala.or.jp,Female,Morocco,25
83,Carlota,Rubinsohn,crubinsohn2a@behance.net,Female,Belarus,56
84,Ondrea,Colliford,ocolliford2b@1und1.de,Non-binary,China,31
85,Beniamino,Beck,bbeck2c@exblog.jp,Male,Ghana,61
86,Benni,Husbands,bhusbands2d@telegraph.co.uk,Female,China,82
87,Carroll,Stodd,cstodd2e@walmart.com,Female,United States,87
88,Mirilla,Jeves,mjeves2f@blogs.com,Bigender,Norway,34
89,Grace,Godson,ggodson2g@china.com.cn,Male,Peru,19
90,Gennifer,Tayspell,gtayspell2h@webmd.com,Female,Brazil,73
91,Carol-jean,Paur,cpaur2i@earthlink.net,Female,Thailand,32
92,Virginia,Kofax,vkofax2j@webmd.com,Bigender,China,39
93,Lynnett,Pooke,lpooke2k@hugedomains.com,Female,China,32
94,Benito,McCahill,bmccahill2l@gizmodo.com,Male,Portugal,50
95,Pinchas,Baldelli,pbaldelli2m@php.net,Male,China,88
96,Tessy,Janeczek,tjaneczek2n@gravatar.com,Female,China,52
97,Kelsy,Tothacot,ktothacot2o@delicious.com,Female,Indonesia,75
98,Kyrstin,Pryell,kpryell2p@dion.ne.jp,Female,Brazil,76
99,Gabrielle,Darke,gdarke2q@amazon.de,Female,Chile,73
100,Leora,Farndell,lfarndell2r@cpanel.net,Female,China,54
101,Zsa zsa,Skerrett,zskerrett2s@jimdo.com,Female,Russia,27
102,Dorice,Portman,dportman2t@dropbox.com,Female,Poland,81
103,Glyn,Khilkov,gkhilkov2u@aboutads.info,Male,Portugal,76
104,Adriana,MacCoveney,amaccoveney2v@irs.gov,Female,China,86
105,Rozalie,Skones,rskones2w@uiuc.edu,Female,Peru,59
106,Marvin,McRitchie,mmcritchie2x@independent.co.uk,Male,China,31
107,Merola,Bigadike,mbigadike2y@aol.com,Female,China,24
108,Missy,Heinecke,mheinecke2z@npr.org,Female,China,74
109,Erina,Venner,evenner30@mit.edu,Female,Thailand,83
110,Erie,Kondratenya,ekondratenya31@1688.com,Male,China,85
111,Marco,Spatig,mspatig32@nationalgeographic.com,Male,Portugal,65
112,Katina,Stickland,kstickland33@noaa.gov,Female,Norway,19
113,Lynnell,Hymers,lhymers34@ycombinator.com,Female,China,18
114,Shawn,McAteer,smcateer35@discovery.com,Female,Indonesia,70
115,Bartholomeo,Cavie,bcavie36@ox.ac.uk,Male,Portugal,62
116,Alli,Gabbetis,agabbetis37@wordpress.org,Female,Madagascar,86
117,Angelia,Barriball,abarriball38@yelp.com,Female,United States,62
118,Angelina,Davenhill,adavenhill39@nsw.gov.au,Female,China,51
119,Herculie,Kidwell,hkidwell3a@livejournal.com,Male,China,86
120,Yovonnda,Bagnal,ybagnal3b@macromedia.com,Female,Kosovo,56
121,Humfrid,Brittian,hbrittian3c@nhs.uk,Male,Russia,76
122,Lothaire,Summerlie,lsummerlie3d@imageshack.us,Male,Portugal,49
123,Milzie,Hartland,mhartland3e@taobao.com,Non-binary,Nepal,85
124,Isis,Prall,iprall3f@joomla.org,Female,Guatemala,72
125,Harry,Mattheeuw,hmattheeuw3g@google.co.uk,Male,Russia,22
126,Melodee,Rookesby,mrookesby3h@jugem.jp,Female,Poland,81
127,Rolando,Horribine,rhorribine3i@nytimes.com,Male,Indonesia,27
128,Lin,Glaister,lglaister3j@altervista.org,Female,Sweden,18
129,Carlyle,Duggan,cduggan3k@samsung.com,Male,Philippines,35
130,Pam,Scotchbourouge,pscotchbourouge3l@amazon.com,Female,China,21
131,Tarah,Reisen,treisen3m@vk.com,Agender,Thailand,25
132,Miof mela,Kilfeder,mkilfeder3n@scientificamerican.com,Female,China,82
133,Katharine,Prangnell,kprangnell3o@ocn.ne.jp,Genderqueer,Portugal,84
134,Layla,Coughan,lcoughan3p@deliciousdays.com,Female,China,48
135,Sarette,Eades,seades3q@bandcamp.com,Female,Portugal,79
136,Tonnie,Woodfin,twoodfin3r@issuu.com,Male,Tunisia,59
137,Mace,McTurley,mmcturley3s@jigsy.com,Male,Brazil,52
138,Vittoria,Cockett,vcockett3t@phoca.cz,Female,Philippines,28
139,Jerrylee,Bute,jbute3u@omniture.com,Female,Syria,87
140,Padget,Dulen,pdulen3v@dedecms.com,Male,China,71
141,Hebert,Landall,hlandall3w@privacy.gov.au,Male,United States,78
142,Godfry,MacNockater,gmacnockater3x@webeden.co.uk,Male,Bulgaria,35
143,Wait,Monkley,wmonkley3y@cnet.com,Male,Russia,61
144,Madelon,McMenamie,mmcmenamie3z@berkeley.edu,Female,Japan,72
145,Florie,Roocroft,froocroft40@whitehouse.gov,Female,Malta,79
146,Merle,Sammons,msammons41@4shared.com,Male,Solomon Islands,72
147,Norman,Dubock,ndubock42@ask.com,Non-binary,Dominican Republic,70
148,Roshelle,Larman,rlarman43@godaddy.com,Female,China,24
149,Bucky,McKeand,bmckeand44@phoca.cz,Male,Brazil,43
150,Jillene,Vaune,jvaune45@blogger.com,Female,Peru,60
151,Orlan,Chatterton,ochatterton46@multiply.com,Male,United States,62
152,Terrence,Stone,tstone47@mtv.com,Male,Philippines,42
153,Colas,Grieger,cgrieger48@netlog.com,Male,South Korea,56
154,Benedick,MacAlroy,bmacalroy49@smugmug.com,Male,Russia,31
155,Holly,Tincknell,htincknell4a@umn.edu,Genderfluid,Azerbaijan,77
156,Anthe,Feige,afeige4b@4shared.com,Genderqueer,Sweden,27
157,Billye,Please,bplease4c@howstuffworks.com,Female,Indonesia,35
158,Leonid,McGeffen,lmcgeffen4d@unicef.org,Bigender,Kazakhstan,24
159,Jo-anne,Sudran,jsudran4e@soundcloud.com,Female,Japan,28
160,Florida,Gudeman,fgudeman4f@jalbum.net,Female,Ukraine,70
161,Cornall,Renhard,crenhard4g@prnewswire.com,Male,Indonesia,79
162,Minda,Hugland,mhugland4h@linkedin.com,Female,China,26
163,Perle,Enefer,penefer4i@usnews.com,Female,Indonesia,73
164,Paton,Alderwick,palderwick4j@surveymonkey.com,Male,Egypt,65
165,Elvin,Banaszczyk,ebanaszczyk4k@blinklist.com,Male,Nicaragua,55
166,Etta,Wybron,ewybron4l@themeforest.net,Female,Thailand,27
167,Elton,Gait,egait4m@usa.gov,Genderfluid,Ethiopia,59
168,Etheline,Gasson,egasson4n@apache.org,Female,China,76
169,Forrester,Fries,ffries4o@ifeng.com,Male,Russia,39
170,Hugh,Kapelhoff,hkapelhoff4p@bloomberg.com,Male,Poland,41
171,Abra,Batchelor,abatchelor4q@wunderground.com,Female,Russia,87
172,Wilhelmina,Quarrington,wquarrington4r@quantcast.com,Female,China,82
173,Keriann,Copes,kcopes4s@ovh.net,Female,Malaysia,56
174,Ty,Ramsbottom,tramsbottom4t@google.co.jp,Male,China,39
175,Emerson,Van Velde,evanvelde4u@seesaa.net,Polygender,Brazil,55
176,Thurstan,Weber,tweber4v@angelfire.com,Male,Indonesia,34
177,Harald,Cominotti,hcominotti4w@google.co.jp,Male,France,23
178,Alistair,Seton,aseton4x@histats.com,Genderfluid,United States,70
179,Ame,Woolger,awoolger4y@digg.com,Female,Mexico,29
180,Hans,Muckart,hmuckart4z@ovh.net,Male,Philippines,62
181,,,,,,
182,Ring,MacKellen,rmackellen51@example.com,Male,Philippines,63
183,Vincent,Chambers,vchambers52@google.com,Male,Czech Republic,44
184,Verina,Pellew,vpellew53@flickr.com,Female,China,48
185,Kerry,Harmant,kharmant54@nymag.com,Male,Philippines,59
186,Ginnie,Lembrick,glembrick55@disqus.com,Female,China,86
187,Davine,Pandie,dpandie56@google.com.hk,Female,Canada,80
188,Papageno,Sinnock,psinnock57@privacy.gov.au,Male,Greece,86
189,Noach,Metcalfe,nmetcalfe58@shareasale.com,Male,China,78
190,Arlin,Lampet,alampet59@miibeian.gov.cn,Male,China,29
191,Meggie,Amburgy,mamburgy5a@dedecms.com,Female,Poland,66
192,Karil,Blakeslee,kblakeslee5b@example.com,Female,Jamaica,66
193,Collen,Reeders,creeders5c@ca.gov,Female,China,73
194,Sidonnie,MacGovern,smacgovern5d@eventbrite.com,Female,Bolivia,23
195,Gretchen,Fridlington,gfridlington5e@mtv.com,Agender,Eritrea,29
196,Grenville,Frantsev,gfrantsev5f@miibeian.gov.cn,Male,Indonesia,63
197,Roarke,Inchbald,rinchbald5g@eventbrite.com,Male,China,37
198,Conant,Inglish,cinglish5h@harvard.edu,Genderqueer,Kazakhstan,42
199,Orella,Heatlie,oheatlie5i@1und1.de,Female,Argentina,73
200,Lillis,Donohoe,ldonohoe5j@usda.gov,Female,Russia,32
201,Wynn,des Remedios,wdesremedios5k@flavors.me,Male,Japan,86
202,Lemuel,McTurlough,lmcturlough5l@ebay.co.uk,Non-binary,Philippines,35
203,Rancell,Ketton,rketton5m@psu.edu,Male,Colombia,50
204,Krishnah,Fiddeman,kfiddeman5n@clickbank.net,Male,Philippines,37
205,Yorgos,Galbraeth,ygalbraeth5o@vkontakte.ru,Male,South Africa,31
206,Kailey,Chagg,kchagg5p@ucsd.edu,Female,Russia,86
207,Rollins,Grainge,rgrainge5q@tumblr.com,Male,Japan,31
208,Glynnis,Jorge,gjorge5r@bluehost.com,Female,Philippines,65
209,Dodi,Andrieu,dandrieu5s@google.co.uk,Female,Kazakhstan,33
210,Oswell,Raywood,oraywood5t@people.com.cn,Male,Lithuania,68
211,Bili,Cocksedge,bcocksedge5u@java.com,Female,Morocco,69
212,Sandy,Geraldez,sgeraldez5v@mozilla.org,Female,Poland,27
213,Alanson,Pimlock,apimlock5w@pbs.org,Male,Argentina,87
214,Gae,Boothman,gboothman5x@last.fm,Female,Tajikistan,18
215,Vivien,Crapper,vcrapper5y@phoca.cz,Female,Indonesia,83
216,Edik,Bestwall,ebestwall5z@psu.edu,Male,Brazil,33
217,Waiter,Feltham,wfeltham60@baidu.com,Male,Greece,46
218,Maurise,Ludlow,mludlow61@dyndns.org,Male,Paraguay,38
219,Karleen,Garrish,kgarrish62@discuz.net,Female,China,47
220,Pierce,Dunsmuir,pdunsmuir63@ihg.com,Male,Indonesia,73
221,Paddy,Trevenu,ptrevenu64@seattletimes.com,Male,Philippines,48
222,Tome,Sealy,tsealy65@multiply.com,Male,Syria,80
223,Maritsa,Baldoni,mbaldoni66@wikimedia.org,Female,Canada,79
224,Quincy,Grenville,qgrenville67@sogou.com,Genderqueer,France,68
225,Sylvan,Skerme,sskerme68@alexa.com,Male,Poland,61
226,Lissi,Shelmardine,lshelmardine69@nifty.com,Female,Japan,84
227,Aileen,Beadle,abeadle6a@reverbnation.com,Female,Philippines,63
228,Elise,Cockell,ecockell6b@chron.com,Polygender,New Caledonia,69
229,Joice,Gidden,jgidden6c@g.co,Female,Russia,40
230,Dollie,Hampton,dhampton6d@columbia.edu,Female,Sweden,50
231,Luisa,Keable,lkeable6e@washington.edu,Female,Chad,45
232,George,Cleugh,gcleugh6f@google.es,Male,China,82
233,Katleen,Akid,kakid6g@dailymail.co.uk,Female,China,69
234,Merv,Povall,mpovall6h@wikispaces.com,Male,Poland,41
235,Abbye,Gwyn,agwyn6i@si.edu,Female,China,60
236,Gerianne,Lucy,glucy6j@time.com,Female,Canada,41
237,Renae,Glassman,rglassman6k@redcross.org,Genderfluid,Latvia,56
238,Jarred,Candie,jcandie6l@free.fr,Male,United States,55
239,Shelbi,Rochewell,srochewell6m@homestead.com,Female,South Korea,90
240,Cele,Davioud,cdavioud6n@forbes.com,Female,Portugal,24
241,Leila,Drain,ldrain6o@telegraph.co.uk,Female,China,57
242,Renell,Karys,rkarys6p@umn.edu,Female,Honduras,68
243,Merci,Fairbard,mfairbard6q@cafepress.com,Female,France,44
244,Mariska,Chartman,mchartman6r@usda.gov,Female,Indonesia,34
245,Adeline,Weitzel,aweitzel6s@rediff.com,Female,Indonesia,50
246,Nathanil,Stienham,nstienham6t@fema.gov,Male,Indonesia,74
247,Isidore,Wewell,iwewell6u@dell.com,Male,Philippines,29
248,Agathe,Labeuil,alabeuil6v@disqus.com,Female,Iran,53
249,Alene,Pirnie,apirnie6w@storify.com,Female,China,62
250,,,,,,
251,Fitz,Sturror,fsturror6y@dagondesign.com,Male,Macedonia,84
252,Lindsy,Bernini,lbernini6z@fema.gov,Female,Portugal,40
253,Arden,Durward,adurward70@ifeng.com,Female,Chad,39
254,Tamra,Edmonds,tedmonds71@imgur.com,Female,China,62
255,Paxton,Whistlecroft,pwhistlecroft72@acquirethisname.com,Male,Philippines,45
256,Etta,Myatt,emyatt73@fda.gov,Polygender,Germany,78
257,Dixie,Stallebrass,dstallebrass74@pcworld.com,Agender,Afghanistan,25
258,Esta,Bullcock,ebullcock75@jalbum.net,Female,Canada,33
259,Reena,MacDonnell,rmacdonnell76@printfriendly.com,Female,Sweden,88
260,Marie,Eich,meich77@blog.com,Female,China,62
261,Carin,Greensted,cgreensted78@t-online.de,Female,China,27
262,Wilfrid,Tolussi,wtolussi79@ehow.com,Male,Portugal,81
263,Romola,Scriven,rscriven7a@hao123.com,Female,Poland,20
264,Nicolai,Longley,nlongley7b@mac.com,Male,Indonesia,44
265,Erv,Charnick,echarnick7c@bbb.org,Polygender,Philippines,26
266,Arlen,Di Gregorio,adigregorio7d@sphinn.com,Agender,Sri Lanka,76
267,Cindi,Lauridsen,clauridsen7e@boston.com,Female,France,75
268,Paddie,Masurel,pmasurel7f@va.gov,Male,Brazil,72
269,Mabel,Idenden,midenden7g@vkontakte.ru,Female,North Korea,36
270,Gayelord,Revely,grevely7h@storify.com,Male,Portugal,36
271,Daile,Renhard,drenhard7i@hhs.gov,Genderfluid,Philippines,30
272,Jakie,Crassweller,jcrassweller7j@livejournal.com,Male,Bulgaria,46
273,Kinsley,Jaulme,kjaulme7k@google.com.au,Male,Indonesia,61
274,Benedicto,Keatch,bkeatch7l@slashdot.org,Male,Japan,85
275,Vi,Whales,vwhales7m@examiner.com,Bigender,Malaysia,50
276,Carter,Semens,csemens7n@oakley.com,Male,United States,27
277,Noreen,Paydon,npaydon7o@spotify.com,Female,Russia,62
278,Archibaldo,Chettoe,achettoe7p@imageshack.us,Male,China,46
279,Nichol,Helleker,nhelleker7q@goodreads.com,Agender,China,18
280,Claudina,Thirlwall,cthirlwall7r@salon.com,Female,Russia,34
281,Amity,Olin,aolin7s@independent.co.uk,Female,Tunisia,46
282,Sharline,Beacock,sbeacock7t@techcrunch.com,Female,China,61
283,Alair,Edlington,aedlington7u@google.com.au,Male,United States,85
284,Kurtis,Biskupski,kbiskupski7v@weather.com,Polygender,Croatia,37
285,Ashlie,Kelway,akelway7w@ebay.co.uk,Female,Colombia,73
286,Marshall,Canton,mcanton7x@abc.net.au,Male,United States,38
287,Gretel,Greenrde,ggreenrde7y@twitter.com,Female,South Africa,79
288,Arlene,Insley,ainsley7z@sphinn.com,Female,Philippines,72
289,Tobey,Lukes,tlukes80@linkedin.com,Female,Kazakhstan,27
290,Rochell,McFall,rmcfall81@umich.edu,Female,Albania,30
291,Antone,Ayars,aayars82@wunderground.com,Male,Indonesia,51
292,Viki,Norton,vnorton83@sakura.ne.jp,Female,China,77
293,Korry,Gemlbett,kgemlbett84@nationalgeographic.com,Female,Sudan,58
294,Lars,Wallbrook,lwallbrook85@creativecommons.org,Male,Indonesia,59
295,Northrup,Rudsdell,nrudsdell86@newsvine.com,Genderqueer,Portugal,61
296,Franzen,Fellgett,ffellgett87@blogtalkradio.com,Male,China,86
297,Hildegaard,Cabane,hcabane88@seattletimes.com,Female,Indonesia,54
298,Delila,Dishmon,ddishmon89@soup.io,Female,United States,21
299,Josias,Andric,jandric8a@chron.com,Male,Russia,73
300,Ellerey,Rodgers,erodgers8b@fastcompany.com,Male,Norway,31
301,Sybila,Emtage,semtage8c@apache.org,Female,Russia,84
302,Jaquelyn,Bullar,jbullar8d@gravatar.com,Female,China,52
303,Mayne,Bayston,mbayston8e@newyorker.com,Male,Russia,41
304,Vita,Parken,vparken8f@unc.edu,Female,Indonesia,71
305,Frederic,Lehrer,flehrer8g@wikimedia.org,Male,Brazil,49
306,Ofella,Minogue,ominogue8h@mapy.cz,Female,Canada,27
307,Estrella,Lorkins,elorkins8i@mit.edu,Female,Poland,88
308,Twila,MacCard,tmaccard8j@home.pl,Female,Uzbekistan,25
309,Pier,Ell,pell8k@auda.org.au,Female,China,79
310,Kerry,Verrillo,kverrillo8l@hud.gov,Male,Ecuador,29
311,Judi,Quillinane,jquillinane8m@msu.edu,Female,Portugal,32
312,Case,Halegarth,chalegarth8n@irs.gov,Male,Russia,25
313,Iolande,Stoker,istoker8o@alibaba.com,Female,Indonesia,60
314,Rivi,Perfili,rperfili8p@theatlantic.com,Bigender,Estonia,65
315,Tammy,Stonebanks,tstonebanks8q@51.la,Female,China,86
316,,,,,,
317,Elisa,Gludor,egludor8s@etsy.com,Female,France,32
318,Reggie,Splevins,rsplevins8t@comsenz.com,Agender,Finland,54
319,Lauretta,Keighly,lkeighly8u@usnews.com,Female,Pakistan,71
320,Elberta,Merrick,emerrick8v@biblegateway.com,Female,China,23
321,Sada,Howels,showels8w@latimes.com,Female,China,44
322,Parsifal,Lowater,plowater8x@sun.com,Male,Greece,31
323,Ezekiel,Blaiklock,eblaiklock8y@mit.edu,Male,Kosovo,54
324,Jayme,Labrone,jlabrone8z@blogs.com,Male,Ecuador,27
325,Felicia,Curmi,fcurmi90@php.net,Female,Colombia,45
326,Paton,Lathan,plathan91@histats.com,Male,Philippines,25
327,Elspeth,Escoffrey,eescoffrey92@naver.com,Female,China,27
328,Bob,Norridge,bnorridge93@w3.org,Male,Philippines,67
329,Kelly,Facher,kfacher94@weebly.com,Female,Philippines,40
330,Breanne,Spon,bspon95@scientificamerican.com,Non-binary,Azerbaijan,31
331,Dilan,Maltman,dmaltman96@buzzfeed.com,Male,Nigeria,34
332,Blinni,Rudiger,brudiger97@friendfeed.com,Female,Malta,33
333,Marne,Timmes,mtimmes98@e-recht24.de,Female,Indonesia,48
334,Gavrielle,Jina,gjina99@bizjournals.com,Female,China,25
335,Liliane,Simonian,lsimonian9a@t-online.de,Female,Ukraine,67
336,Frazier,Loynton,floynton9b@toplist.cz,Male,Afghanistan,44
337,Ulla,Arr,uarr9c@newyorker.com,Female,Indonesia,75
338,Lurline,Salatino,lsalatino9d@devhub.com,Genderqueer,Philippines,20
339,Eal,Keeling,ekeeling9e@java.com,Male,China,37
340,Tammie,Chatten,tchatten9f@oaic.gov.au,Female,Uganda,75
341,Devin,Gatling,dgatling9g@ihg.com,Male,Croatia,78
342,Pavlov,Fanner,pfanner9h@google.nl,Male,Ukraine,38
343,Ag,Dowling,adowling9i@microsoft.com,Female,China,64
344,Matthew,Leate,mleate9j@soundcloud.com,Male,China,46
345,Shandra,Garatty,sgaratty9k@ed.gov,Female,Canada,90
346,Belva,Albrook,balbrook9l@elpais.com,Female,Philippines,68
347,Chalmers,Theakston,ctheakston9m@trellian.com,Male,Brazil,47
348,Panchito,Novis,pnovis9n@japanpost.jp,Male,Philippines,32
349,Wallis,Gibbens,wgibbens9o@t-online.de,Male,Indonesia,66
350,,,,,,
351,Reid,Locks,rlocks9q@stumbleupon.com,Male,Sweden,47
352,Anatollo,Applegate,aapplegate9r@eepurl.com,Male,Indonesia,62
353,Talya,Geely,tgeely9s@wikia.com,Agender,Japan,40
354,Odelinda,Satterthwaite,osatterthwaite9t@vistaprint.com,Female,Ukraine,28
355,Garvin,Blount,gblount9u@vistaprint.com,Male,Ukraine,49
356,Annabela,Greeno,agreeno9v@google.com.br,Female,Japan,52
357,Ruthe,McAvaddy,rmcavaddy9w@over-blog.com,Female,Brazil,65
358,Clyve,Dillinton,cdillinton9x@etsy.com,Male,Indonesia,21
359,Nancy,Bosma,nbosma9y@examiner.com,Female,Belarus,18
360,Bree,Sotham,bsotham9z@shinystat.com,Female,Moldova,39
361,Sutton,Calley,scalleya0@uiuc.edu,Male,China,58
362,Neil,Hastwell,nhastwella1@altervista.org,Bigender,Sweden,76
363,Dionysus,Sycamore,dsycamorea2@barnesandnoble.com,Male,Czech Republic,44
364,Guido,Findon,gfindona3@scientificamerican.com,Male,Tanzania,38
365,Cinda,Rivlin,crivlina4@jalbum.net,Female,Sweden,66
366,Giorgio,Pomroy,gpomroya5@shutterfly.com,Male,Czech Republic,63
367,Lark,Maureen,lmaureena6@infoseek.co.jp,Female,Yemen,60
368,Davita,McConnell,dmcconnella7@wsj.com,Female,Indonesia,31
369,,,,,,
370,Teodoor,Razoux,trazouxa9@yolasite.com,Male,Indonesia,49
371,Odette,Shorto,oshortoaa@google.es,Female,Uzbekistan,68
372,Sayer,Wrathmall,swrathmallab@dropbox.com,Male,Indonesia,53
373,Vonny,Grzegorzewicz,vgrzegorzewiczac@scientificamerican.com,Female,Japan,75
374,Nonna,Goodburn,ngoodburnad@opensource.org,Female,Russia,34
375,Erastus,Petrelli,epetrelliae@cbsnews.com,Male,Indonesia,37
376,Marcellus,Heinicke,mheinickeaf@stanford.edu,Male,Greece,63
377,Lib,Damp,ldampag@bing.com,Female,Nicaragua,63
378,Robyn,Barkus,rbarkusah@nhs.uk,Female,Philippines,38
379,Sunny,Asel,saselai@wix.com,Female,Russia,34
380,Quinton,Lodemann,qlodemannaj@tripadvisor.com,Male,United States,30
381,Donaugh,Sturt,dsturtak@psu.edu,Male,China,84
382,Shirley,Hannabuss,shannabussal@tripadvisor.com,Female,South Korea,80
383,Peyton,Rojahn,projahnam@istockphoto.com,Male,China,77
384,Kristoforo,Pirt,kpirtan@npr.org,Male,China,58
385,Osmund,Walrond,owalrondao@51.la,Male,Philippines,72
386,Osmund,Deluze,odeluzeap@wufoo.com,Male,Brazil,59
387,Clevey,Petruskevich,cpetruskevichaq@harvard.edu,Male,Armenia,80
388,Alf,Huston,ahustonar@livejournal.com,Male,Canada,89
389,Harriott,McPhee,hmcpheeas@accuweather.com,Female,Russia,21
390,Thane,Ardron,tardronat@mashable.com,Male,Ireland,52
391,Salli,Whiscard,swhiscardau@yandex.ru,Non-binary,China,49
392,Yank,Cagan,ycaganav@uiuc.edu,Male,Indonesia,29
393,Britni,McKeachie,bmckeachieaw@paypal.com,Female,Philippines,53
394,Rickie,Graith,rgraithax@java.com,Male,Indonesia,55
395,Shawn,Clarkin,sclarkinay@ovh.net,Male,China,56
396,Erroll,De la Eglise,edelaegliseaz@tinyurl.com,Male,Indonesia,65
397,Luther,Spurriar,lspurriarb0@wikipedia.org,Male,China,76
398,Parrnell,Huge,phugeb1@amazonaws.com,Male,China,31
399,Von,Ferebee,vferebeeb2@europa.eu,Male,Mexico,89
400,Thornie,Laidlow,tlaidlowb3@dot.gov,Male,China,79
401,Piggy,Akid,pakidb4@phoca.cz,Non-binary,China,42
402,Malvina,Pecht,mpechtb5@issuu.com,Female,Venezuela,50
403,William,Vibert,wvibertb6@businessinsider.com,Male,Ukraine,56
404,Corinna,Naish,cnaishb7@house.gov,Female,Russia,19
405,Hailee,Coviello,hcoviellob8@desdev.cn,Female,Indonesia,50
406,Susette,Haydney,shaydneyb9@cargocollective.com,Female,China,85
407,Fae,Darrow,fdarrowba@cyberchimps.com,Female,Germany,41
408,Benjamin,Quodling,bquodlingbb@go.com,Male,China,58
409,Cassandra,Kirlin,ckirlinbc@globo.com,Female,China,27
410,Natale,Harkess,nharkessbd@macromedia.com,Male,China,56
411,Ingamar,Dronsfield,idronsfieldbe@seattletimes.com,Male,Cameroon,38
412,Jerad,MacGillreich,jmacgillreichbf@meetup.com,Male,Poland,56
413,Sarajane,Sowte,ssowtebg@opensource.org,Female,El Salvador,30
414,Abner,McColm,amccolmbh@parallels.com,Male,Syria,33
415,Shari,Standingford,sstandingfordbi@pcworld.com,Female,Chile,31
416,,,,,,
417,Kristian,Haskell,khaskellbk@hexun.com,Male,Austria,23
418,Salomone,Mullen,smullenbl@amazon.co.uk,Male,Ireland,35
419,Raffarty,Robeson,rrobesonbm@comsenz.com,Genderfluid,Russia,79
420,Sayer,Trevon,strevonbn@shareasale.com,Male,Russia,38
421,Michele,Duffan,mduffanbo@youku.com,Female,Peru,36
422,,,,,,
423,Hermy,Smout,hsmoutbq@phpbb.com,Male,Peru,42
424,Peg,Swanson,pswansonbr@wikipedia.org,Female,Indonesia,41
425,Osmund,Ledeker,oledekerbs@tmall.com,Male,Finland,24
426,Foster,Dunkerly,fdunkerlybt@skype.com,Agender,China,50
427,Gail,Liddard,gliddardbu@unblog.fr,Male,Russia,76
428,Jenelle,Cottie,jcottiebv@vk.com,Female,United States,43
429,Elva,Arnatt,earnattbw@reverbnation.com,Female,Greece,43
430,Ashely,Dumbleton,adumbletonbx@dyndns.org,Female,Sweden,19
431,Cordy,Slaight,cslaightby@dot.gov,Female,Morocco,76
432,Chance,Danilyuk,cdanilyukbz@nih.gov,Male,Philippines,41
433,Dorthea,Beckworth,dbeckworthc0@shareasale.com,Female,Tajikistan,60
434,Niall,Burness,nburnessc1@123-reg.co.uk,Male,Slovenia,66
435,Gordie,Rawcliff,grawcliffc2@java.com,Male,Philippines,39
436,Manda,Gerleit,mgerleitc3@unc.edu,Genderfluid,Philippines,40
437,Grenville,Rentilll,grentilllc4@patch.com,Male,Colombia,58
438,,,,,,
439,Ashil,Verring,averringc6@google.ru,Genderfluid,United States,50
440,Iona,Armand,iarmandc7@cbslocal.com,Female,Croatia,86
441,Noelyn,Mence,nmencec8@cdc.gov,Female,Egypt,26
442,Sherwood,Foltin,sfoltinc9@opensource.org,Male,Cuba,71
443,Malynda,Huertas,mhuertasca@youtu.be,Female,Argentina,89
444,Merill,Schimmang,mschimmangcb@house.gov,Male,Liechtenstein,47
445,Alphonse,Leeman,aleemancc@sitemeter.com,Male,Kosovo,61
446,Kayne,Fritschel,kfritschelcd@columbia.edu,Male,Czech Republic,23
447,Querida,Coytes,qcoytesce@ebay.com,Genderqueer,Indonesia,78
448,Thedric,Lansdowne,tlansdownecf@dropbox.com,Male,Sweden,47
449,Whitney,Keggins,wkegginscg@sbwire.com,Agender,Iran,81
450,Elfrida,Chicco,echiccoch@ask.com,Female,Paraguay,87
451,Peri,Gierok,pgierokci@wix.com,Female,China,77
452,Ray,Girsch,rgirschcj@altervista.org,Polygender,Indonesia,88
453,Tann,Grewes,tgrewesck@prlog.org,Male,Luxembourg,83
454,Kearney,Clace,kclacecl@wsj.com,Male,Canada,39
455,Daisy,Cuttler,dcuttlercm@addthis.com,Female,China,54
456,Anatollo,Tidbold,atidboldcn@microsoft.com,Male,Honduras,43
457,Gerianne,Valentinetti,gvalentinettico@etsy.com,Female,China,39
458,Alastair,Mardlin,amardlincp@imgur.com,Male,Luxembourg,88
459,Dew,Stubbington,dstubbingtoncq@imdb.com,Male,Indonesia,70
460,Huntington,Arons,haronscr@cnet.com,Male,China,48
461,Shaylyn,Atkinson,satkinsoncs@amazon.de,Female,Japan,75
462,Shawn,Laborde,slabordect@xing.com,Female,Mexico,80
463,Dalt,Pentin,dpentincu@seesaa.net,Male,Poland,49
464,Barn,Potell,bpotellcv@dagondesign.com,Male,Palestinian Territory,73
465,Torie,Mannagh,tmannaghcw@mapy.cz,Genderfluid,Indonesia,30
466,Jenica,Greeveson,jgreevesoncx@digg.com,Female,Nigeria,50
467,Harv,Cobley,hcobleycy@google.com,Male,France,83
468,Barbara-anne,Crace,bcracecz@ihg.com,Female,Philippines,60
469,Boonie,Fontelles,bfontellesd0@toplist.cz,Male,Germany,90
470,Kurtis,Rosenhaus,krosenhausd1@paypal.com,Male,Luxembourg,55
471,Sholom,Maciejewski,smaciejewskid2@stanford.edu,Male,China,50
472,Pamela,Somerbell,psomerbelld3@imageshack.us,Female,Vietnam,82
473,Gard,MacIllrick,gmacillrickd4@histats.com,Male,Indonesia,26
474,Terencio,Bravington,tbravingtond5@jalbum.net,Male,Japan,64
475,Ailyn,Dunnaway,adunnawayd6@samsung.com,Female,China,43
476,Aura,Klaes,aklaesd7@nhs.uk,Female,Honduras,81
477,Kalil,Marcinkowski,kmarcinkowskid8@cisco.com,Male,Czech Republic,66
478,Sarena,Saffle,ssaffled9@techcrunch.com,Female,Portugal,47
479,Daria,Ousby,dousbyda@feedburner.com,Female,Japan,45
480,Linus,Skae,lskaedb@privacy.gov.au,Male,Cameroon,83
481,Justine,Trollope,jtrollopedc@hugedomains.com,Non-binary,Portugal,51
482,Currie,Toppes,ctoppesdd@typepad.com,Male,Ukraine,66
483,Suki,Hodgins,shodginsde@twitpic.com,Female,Sweden,89
484,Caddric,Schaben,cschabendf@taobao.com,Male,Indonesia,50
485,Muhammad,Lapish,mlapishdg@usatoday.com,Male,Sudan,67
486,Veriee,Proudman,vproudmandh@blogger.com,Female,Bangladesh,29
487,Truman,Paulillo,tpaulillodi@list-manage.com,Male,Indonesia,61
488,Lilli,Freiburger,lfreiburgerdj@dagondesign.com,Female,France,44
489,Lyssa,Harriot,lharriotdk@jalbum.net,Female,Peru,19
490,Clint,Richardet,crichardetdl@hao123.com,Male,Finland,47
491,Anny,Egiloff,aegiloffdm@edublogs.org,Female,China,85
492,Judie,Malecky,jmaleckydn@twitpic.com,Female,Mongolia,29
493,Britni,Lendon,blendondo@angelfire.com,Genderfluid,Ireland,77
494,Caitrin,Fulle,cfulledp@nifty.com,Female,Russia,31
495,Anni,Mathon,amathondq@vistaprint.com,Female,Dominican Republic,28
496,Megen,Burnitt,mburnittdr@mozilla.org,Female,China,63
497,Elvira,Schuchmacher,eschuchmacherds@washington.edu,Female,China,86
498,Hildagard,Burgett,hburgettdt@bing.com,Female,Indonesia,86
499,Padraic,Heyburn,pheyburndu@netscape.com,Male,Bulgaria,84
500,Eugene,Tanswill,etanswilldv@com.com,Male,Poland,62
501,Margi,Gauvain,mgauvaindw@taobao.com,Female,China,44
502,Blakelee,Tugman,btugmandx@theglobeandmail.com,Female,Barbados,44
503,Esmeralda,Pirrie,epirriedy@pinterest.com,Female,Colombia,18
504,Caye,Warsap,cwarsapdz@techcrunch.com,Female,Russia,56
505,Corinne,Dunklee,cdunkleee0@angelfire.com,Female,Vietnam,86
506,Joleen,Postgate,jpostgatee1@macromedia.com,Female,Vietnam,57
507,Nevins,Borsay,nborsaye2@blogtalkradio.com,Male,Colombia,59
508,Padget,Stebles,psteblese3@mozilla.org,Male,France,27
509,Fawn,Egdale,fegdalee4@cpanel.net,Female,Portugal,41
510,Tobye,Marcq,tmarcqe5@cdc.gov,Female,China,33
511,Natala,Hearnshaw,nhearnshawe6@sbwire.com,Female,Indonesia,88
512,Hilliard,Cattroll,hcattrolle7@cloudflare.com,Male,Brazil,50
513,Dasi,Louder,dloudere8@google.com.au,Female,Poland,76
514,Anton,Rosenfield,arosenfielde9@economist.com,Male,Indonesia,80
515,Franklin,Jedras,fjedrasea@cafepress.com,Male,China,48
516,Dominica,Ezzle,dezzleeb@alexa.com,Female,China,49
517,Raina,Skyme,rskymeec@com.com,Female,Philippines,44
518,Sonia,Wansbury,swansburyed@msn.com,Female,Brazil,27
519,Eric,Blanchet,eblanchetee@japanpost.jp,Male,Czech Republic,74
520,Craggy,Harmant,charmantef@youku.com,Male,South Africa,33
521,Dell,Malpas,dmalpaseg@ebay.com,Female,Poland,30
522,Jacklyn,Kuhl,jkuhleh@merriam-webster.com,Female,Peru,86
523,Trey,Calfe,tcalfeei@friendfeed.com,Male,Russia,68
524,Steffie,Woodeson,swoodesonej@nature.com,Female,Russia,75
525,,,,,,
526,Claire,Coffey,ccoffeyel@jugem.jp,Male,China,84
527,Manuel,Duckerin,mduckerinem@arstechnica.com,Genderfluid,China,83
528,Gaspard,Lillico,glillicoen@reddit.com,Male,Russia,32
529,Heinrik,Houdhury,hhoudhuryeo@skype.com,Male,Sweden,64
530,Eolanda,Shaefer,eshaeferep@skyrock.com,Female,Vietnam,61
531,Charita,Molohan,cmolohaneq@soup.io,Female,Russia,67
532,Kandy,Wilber,kwilberer@cbsnews.com,Female,Russia,56
533,Nancy,Stuckow,nstuckowes@home.pl,Female,Portugal,34
534,Nanice,Pawlik,npawliket@google.pl,Female,Philippines,62
535,Alix,Chmarny,achmarnyeu@unblog.fr,Male,Indonesia,59
536,Blinnie,Twentyman,btwentymanev@pbs.org,Female,United States,63
537,Tabbie,Terrett,tterrettew@mac.com,Male,Czech Republic,85
538,Kathryne,Fairnington,kfairningtonex@odnoklassniki.ru,Female,Guatemala,28
539,Merrilee,de Najera,mdenajeraey@netscape.com,Female,South Africa,31
540,Pauli,Stendell,pstendellez@nbcnews.com,Female,Poland,44
541,Latrena,Haythorne,lhaythornef0@cbsnews.com,Polygender,Malaysia,80
542,Merilyn,Waller-Bridge,mwallerbridgef1@creativecommons.org,Non-binary,Peru,50
543,Lauraine,Beauchop,lbeauchopf2@latimes.com,Female,Lithuania,50
544,Zandra,Jeafferson,zjeaffersonf3@ibm.com,Genderfluid,Indonesia,25
545,Marnie,Gainsford,mgainsfordf4@google.com,Polygender,Russia,43
546,Electra,Partlett,epartlettf5@seattletimes.com,Female,Philippines,65
547,Tamqrah,Quinsee,tquinseef6@sakura.ne.jp,Genderfluid,China,56
548,Abramo,Standbrook,astandbrookf7@dyndns.org,Male,Mexico,48
549,Cleo,Morrilly,cmorrillyf8@sina.com.cn,Female,Russia,47
550,Mycah,Goodliffe,mgoodliffef9@twitter.com,Male,Venezuela,45
551,,,,,,
552,Ardys,Darlaston,adarlastonfb@wikimedia.org,Female,Nigeria,41
553,Paxon,Woodroff,pwoodrofffc@php.net,Male,South Africa,23
554,Corabella,Richardet,crichardetfd@angelfire.com,Female,Uzbekistan,58
555,Weider,Tansly,wtanslyfe@wikipedia.org,Male,France,36
556,Butch,Yakubovich,byakubovichff@blogtalkradio.com,Male,Honduras,36
557,Jaquelin,Downing,jdowningfg@php.net,Female,Russia,29
558,Ardenia,Rubee,arubeefh@unblog.fr,Non-binary,United States,50
559,Travis,Silverlock,tsilverlockfi@paypal.com,Male,United States,56
560,Greer,Dudin,gdudinfj@redcross.org,Female,Russia,64
561,Kordula,Lafond,klafondfk@angelfire.com,Female,Syria,86
562,Sonia,Haythorne,shaythornefl@abc.net.au,Female,Venezuela,56
563,Sherm,Tyt,stytfm@163.com,Agender,Russia,32
564,Cristie,Bote,cbotefn@biglobe.ne.jp,Female,Sweden,53
565,Denver,McCrachen,dmccrachenfo@miitbeian.gov.cn,Male,Serbia,25
566,Sacha,Tallis,stallisfp@ehow.com,Female,China,83
567,Mersey,Janecek,mjanecekfq@pagesperso-orange.fr,Female,Brazil,84
568,Celinka,Shawcroft,cshawcroftfr@boston.com,Female,Brazil,86
569,Edgardo,Tolle,etollefs@angelfire.com,Male,Brazil,67
570,Elissa,Srutton,esruttonft@mail.ru,Female,Cameroon,23
571,Lay,Wastie,lwastiefu@angelfire.com,Male,Brazil,21
572,Morgun,Tuffell,mtuffellfv@comsenz.com,Male,Canada,45
573,Rosy,Gerwood,rgerwoodfw@berkeley.edu,Female,Morocco,73
574,Kellby,McCague,kmccaguefx@ocn.ne.jp,Male,Peru,71
575,Jaclin,Beckley,jbeckleyfy@tamu.edu,Female,China,72
576,Sonnnie,Godilington,sgodilingtonfz@ucsd.edu,Female,Libya,28
577,Osborn,Souter,osouterg0@reverbnation.com,Male,China,49
578,Mirilla,Haldenby,mhaldenbyg1@hhs.gov,Female,China,72
579,Melanie,Vakhlov,mvakhlovg2@skyrock.com,Female,Colombia,86
580,Anastasia,Downham,adownhamg3@bbc.co.uk,Female,Colombia,32
581,,,,,,
582,Emmerich,Besnardeau,ebesnardeaug5@51.la,Male,China,71
583,Dedie,Pollastro,dpollastrog6@myspace.com,Female,Indonesia,76
584,Rolland,Terrett,rterrettg7@51.la,Male,China,78
585,Shandee,McGeever,smcgeeverg8@google.ru,Female,Panama,81
586,,,,,,
587,Michal,Esh,meshga@free.fr,Male,China,90
588,Gauthier,Rapkins,grapkinsgb@miitbeian.gov.cn,Male,France,36
589,Amandi,Featherbie,afeatherbiegc@dagondesign.com,Female,China,42
590,Nikolos,Grishanin,ngrishaningd@usnews.com,Male,Indonesia,61
591,Corrie,Chinn,cchinnge@a8.net,Female,Venezuela,35
592,Baldwin,Basler,bbaslergf@chronoengine.com,Male,Democratic Republic of the Congo,68
593,Marwin,Kilbourn,mkilbourngg@e-recht24.de,Male,Portugal,87
594,Jeremie,Hankey,jhankeygh@cbsnews.com,Male,Sweden,90
595,Lissie,Lashford,llashfordgi@marriott.com,Female,Indonesia,35
596,Kerr,Gillings,kgillingsgj@msn.com,Male,Brazil,29
597,Dulciana,Du Plantier,dduplantiergk@netlog.com,Female,China,38
598,Mendie,Slarke,mslarkegl@alibaba.com,Male,France,26
599,Randi,Marshal,rmarshalgm@sourceforge.net,Male,Indonesia,59
600,Lissi,Nolleau,lnolleaugn@51.la,Female,France,27
601,Wenonah,Whorall,wwhorallgo@blogspot.com,Female,Indonesia,54
602,Elka,Boughen,eboughengp@vimeo.com,Female,China,57
603,Al,Hartwell,ahartwellgq@about.com,Male,France,80
604,Florenza,Bayman,fbaymangr@globo.com,Female,Thailand,30
605,Perkin,Searston,psearstongs@craigslist.org,Male,Philippines,21
606,Pauly,Bartalini,pbartalinigt@amazonaws.com,Male,Norway,26
607,Mallory,Farriar,mfarriargu@geocities.com,Male,Colombia,29
608,Kale,Timeby,ktimebygv@printfriendly.com,Male,Mongolia,19
609,Judi,Driussi,jdriussigw@deviantart.com,Female,Malawi,44
610,Adolphe,Ivanchikov,aivanchikovgx@nifty.com,Polygender,Russia,84
611,Laverna,Wix,lwixgy@jigsy.com,Female,China,24
612,Roldan,Dayes,rdayesgz@technorati.com,Male,Portugal,73
613,Loy,Jannings,ljanningsh0@bloglovin.com,Male,Philippines,87
614,Horten,Dmtrovic,hdmtrovich1@timesonline.co.uk,Male,Russia,28
615,Ingelbert,Edmondson,iedmondsonh2@paginegialle.it,Male,Libya,80
616,Murray,Mulvaney,mmulvaneyh3@spotify.com,Male,Russia,27
617,Christiana,Dansken,cdanskenh4@army.mil,Female,Afghanistan,86
618,Ingeborg,Lockhart,ilockharth5@fema.gov,Genderfluid,Bolivia,54
619,Astrid,Leaves,aleavesh6@constantcontact.com,Female,Philippines,23
620,Elwood,Belcham,ebelchamh7@virginia.edu,Male,Portugal,75
621,Dionisio,Dumphry,ddumphryh8@unblog.fr,Male,Russia,18
622,Darb,Ghelardoni,dghelardonih9@nba.com,Male,Sweden,89
623,Margaret,Brackley,mbrackleyha@narod.ru,Female,Philippines,35
624,Roma,Roberds,rroberdshb@yandex.ru,Male,Indonesia,59
625,Marline,Skahill,mskahillhc@live.com,Female,Ethiopia,37
626,Nevins,Wincott,nwincotthd@printfriendly.com,Male,Liberia,85
627,Herminia,Bindin,hbindinhe@163.com,Female,Russia,59
628,Lorry,Lipprose,llipprosehf@reference.com,Female,Russia,55
629,Saidee,Solland,ssollandhg@cargocollective.com,Female,Bulgaria,84
630,Damian,Feehery,dfeeheryhh@gravatar.com,Male,France,71
631,Bridget,Risely,briselyhi@csmonitor.com,Female,Russia,55
632,Rad,Abramovitz,rabramovitzhj@nbcnews.com,Male,Indonesia,29
633,Montague,Wiles,mwileshk@flavors.me,Male,China,53
634,Sanders,Foulser,sfoulserhl@techcrunch.com,Male,Portugal,40
635,Moore,Puffett,mpuffetthm@adobe.com,Male,Sweden,18
636,Paulie,Eva,pevahn@imageshack.us,Male,Czech Republic,45
637,Salim,Lanfer,slanferho@zimbio.com,Male,China,87
638,Lainey,Dayes,ldayeshp@cisco.com,Female,Colombia,66
639,Erica,Willshere,ewillsherehq@goo.gl,Female,Sweden,74
640,Antonetta,Engledow,aengledowhr@cnet.com,Female,Russia,88
641,Jessie,Welfare,jwelfarehs@blogger.com,Male,Canada,78
642,Beverie,Broadbury,bbroadburyht@cisco.com,Female,Sweden,70
643,Marga,Ianittello,mianittellohu@1688.com,Female,Thailand,78
644,Ardelia,Coulthard,acoulthardhv@altervista.org,Female,China,68
645,Quint,Balsom,qbalsomhw@dion.ne.jp,Male,Philippines,81
646,Cordy,Pickston,cpickstonhx@hao123.com,Male,Yemen,81
647,Zachery,Pietrowski,zpietrowskihy@sakura.ne.jp,Male,Russia,23
648,Trudie,Filipovic,tfilipovichz@alexa.com,Non-binary,Brazil,86
649,Romeo,Snell,rsnelli0@indiegogo.com,Male,Norway,83
650,Kenneth,Dalla,kdallai1@ucoz.ru,Male,Thailand,77
651,Wandie,Pauling,wpaulingi2@alibaba.com,Female,Portugal,65
652,Gerri,Vannoni,gvannonii3@zimbio.com,Male,Libya,32
653,Faber,Jirsa,fjirsai4@senate.gov,Genderfluid,Philippines,73
654,Adda,Barrack,abarracki5@drupal.org,Female,Argentina,86
655,Bernadene,Crass,bcrassi6@youtube.com,Female,Indonesia,73
656,Vaughan,St Louis,vstlouisi7@paypal.com,Male,Portugal,67
657,Helga,Barkus,hbarkusi8@gravatar.com,Female,Croatia,71
658,Vicky,Espinheira,vespinheirai9@google.com.br,Female,Greece,82
659,Ammamaria,Daveley,adaveleyia@qq.com,Female,China,34
660,Kirby,Warrender,kwarrenderib@51.la,Female,Pakistan,40
661,Lela,Caldayrou,lcaldayrouic@dedecms.com,Female,Czech Republic,45
662,Beatrix,Entreis,bentreisid@weather.com,Female,Lebanon,86
663,Humbert,Bursnall,hbursnallie@china.com.cn,Male,Indonesia,85
664,Wilton,Ambrozik,wambrozikif@github.io,Male,Bulgaria,33
665,Bette,Rosenvasser,brosenvasserig@hugedomains.com,Female,Chile,49
666,Seumas,Pickvance,spickvanceih@shinystat.com,Male,Portugal,24
667,Hildagarde,Fabri,hfabriii@ifeng.com,Female,Argentina,47
668,Brett,Courtney,bcourtneyij@opera.com,Female,Poland,58
669,Krystyna,Base,kbaseik@w3.org,Female,Belarus,23
670,Ennis,Ganniclifft,eganniclifftil@statcounter.com,Male,Portugal,56
671,Ileane,Paoletti,ipaolettiim@imgur.com,Female,South Sudan,59
672,Elsbeth,Biddles,ebiddlesin@stanford.edu,Female,China,48
673,Winfield,Stovold,wstovoldio@springer.com,Male,Honduras,86
674,Lynette,Petrescu,lpetrescuip@drupal.org,Female,Morocco,48
675,Vi,Hacksby,vhacksbyiq@51.la,Female,Ireland,25
676,Danny,Lumbley,dlumbleyir@weather.com,Female,Brazil,55
677,Daryl,Sigars,dsigarsis@discuz.net,Bigender,Indonesia,59
678,Abby,Creffield,acreffieldit@imdb.com,Female,Honduras,87
679,Amery,Dimitrijevic,adimitrijeviciu@arstechnica.com,Male,Czech Republic,27
680,Nye,Coyle,ncoyleiv@diigo.com,Male,Mexico,23
681,Edgard,Luetkemeyer,eluetkemeyeriw@washingtonpost.com,Male,China,42
682,Leisha,Southorn,lsouthornix@nba.com,Female,Bolivia,67
683,Chevalier,Lammert,clammertiy@narod.ru,Male,Bangladesh,78
684,Maddie,Gainor,mgainoriz@networkadvertising.org,Male,Syria,80
685,Hall,Hardaker,hhardakerj0@blogtalkradio.com,Male,China,58
686,Graham,Pagen,gpagenj1@ucoz.ru,Male,China,89
687,Nicko,Lacey,nlaceyj2@baidu.com,Male,Greece,47
688,Stevie,Lefridge,slefridgej3@marriott.com,Male,France,84
689,Ivor,Mabon,imabonj4@blogtalkradio.com,Male,Colombia,47
690,Zelig,Sheed,zsheedj5@soundcloud.com,Male,Mexico,76
691,Wynnie,Bendell,wbendellj6@1und1.de,Female,Tunisia,42
692,Arch,Jandel,ajandelj7@php.net,Male,Guinea,19
693,,,,,,
694,Kerrill,Giacubo,kgiacuboj9@edublogs.org,Female,Slovenia,88
695,Fabe,Swindell,fswindellja@wp.com,Male,China,46
696,Clemence,Artist,cartistjb@webnode.com,Bigender,Indonesia,36
697,Charlie,Cirlos,ccirlosjc@hao123.com,Male,Vietnam,88
698,Lyndsay,Hurry,lhurryjd@yolasite.com,Female,Russia,27
699,Betta,Axby,baxbyje@wikipedia.org,Female,China,27
700,Margery,Feavearyear,mfeavearyearjf@ehow.com,Female,Sweden,35
701,Karna,Fawley,kfawleyjg@acquirethisname.com,Female,Philippines,69
702,Opalina,Hause,ohausejh@wiley.com,Female,China,43
703,Mariska,Hoy,mhoyji@washington.edu,Female,Russia,65
704,Warren,Womersley,wwomersleyjj@usatoday.com,Male,Indonesia,34
705,Blondy,Hane,bhanejk@newyorker.com,Female,Peru,88
706,Patricio,Bruneton,pbrunetonjl@opensource.org,Male,Indonesia,62
707,Lurleen,Fenn,lfennjm@google.it,Female,China,45
708,Cristian,Greenrod,cgreenrodjn@wordpress.org,Male,Philippines,70
709,Charissa,Longo,clongojo@irs.gov,Female,Portugal,63
710,Lonny,Skett,lskettjp@nsw.gov.au,Male,Honduras,40
711,Euell,Leyninye,eleyninyejq@narod.ru,Male,Russia,61
712,Ambrosio,Peschmann,apeschmannjr@t.co,Male,Brazil,23
713,Ezechiel,Niessen,eniessenjs@edublogs.org,Male,Afghanistan,78
714,Kirbee,Holsall,kholsalljt@quantcast.com,Female,Indonesia,38
715,Zilvia,Bacon,zbaconju@harvard.edu,Female,Philippines,42
716,Hale,Bernt,hberntjv@wufoo.com,Male,China,78
717,Flemming,Filippo,ffilippojw@myspace.com,Male,Mexico,22
718,Tremaine,Truss,ttrussjx@e-recht24.de,Male,Estonia,62
719,Shirleen,Peake,speakejy@un.org,Female,China,23
720,Roddy,Blackhurst,rblackhurstjz@indiatimes.com,Male,Somalia,44
721,Riccardo,Butrimovich,rbutrimovichk0@de.vu,Polygender,Brazil,29
722,Linnea,Hargitt,lhargittk1@technorati.com,Female,Haiti,54
723,Casey,Royce,croycek2@deviantart.com,Female,Argentina,65
724,Troy,Berkely,tberkelyk3@spotify.com,Male,Indonesia,65
725,Dennie,Le Monnier,dlemonnierk4@wunderground.com,Male,Ukraine,21
726,Alexa,Lankester,alankesterk5@latimes.com,Female,Canada,59
727,Arne,Clausen,aclausenk6@tinypic.com,Male,Madagascar,80
728,Paige,Rodgers,prodgersk7@cnn.com,Male,Uzbekistan,89
729,Maryl,Maciejak,mmaciejakk8@about.me,Female,Brazil,78
730,Nariko,Wadge,nwadgek9@is.gd,Female,Indonesia,72
731,Monah,Paniman,mpanimanka@cnbc.com,Female,Indonesia,44
732,Artie,Rawood,arawoodkb@vk.com,Male,China,68
733,Redford,Menchenton,rmenchentonkc@pen.io,Bigender,Ecuador,69
734,Morris,Caws,mcawskd@seattletimes.com,Male,Ethiopia,74
735,Seana,Tommei,stommeike@unblog.fr,Female,United States,87
736,Terrijo,Dorcey,tdorceykf@twitter.com,Female,Philippines,35
737,Polly,Penman,ppenmankg@hud.gov,Female,China,30
738,Norbie,Churchyard,nchurchyardkh@over-blog.com,Male,Poland,70
739,Hermie,Gaukroger,hgaukrogerki@hao123.com,Male,Indonesia,22
740,Ingemar,Filipic,ifilipickj@creativecommons.org,Male,Czech Republic,64
741,Geri,Lorraine,glorrainekk@prnewswire.com,Female,Ukraine,89
742,Janey,Setter,jsetterkl@toplist.cz,Female,Sweden,41
743,Robbert,Garlee,rgarleekm@topsy.com,Male,Philippines,77
744,Kurtis,Dunkirk,kdunkirkkn@sciencedirect.com,Male,Poland,47
745,Gaye,Effaunt,geffauntko@huffingtonpost.com,Female,Indonesia,79
746,Boniface,Culley,bculleykp@gov.uk,Male,Philippines,77
747,Constancia,Speers,cspeerskq@seesaa.net,Genderfluid,Philippines,83
748,Bard,Cobbledick,bcobbledickkr@dion.ne.jp,Male,Norway,45
749,Gardiner,Strewthers,gstrewthersks@google.com.hk,Male,South Korea,57
750,Gusta,Simeons,gsimeonskt@themeforest.net,Female,Iran,43
751,Dani,Comellini,dcomelliniku@mozilla.org,Female,China,23
752,Parrnell,Pymm,ppymmkv@flickr.com,Male,Portugal,47
753,Everett,Greenrodd,egreenroddkw@cmu.edu,Male,Greece,56
754,Maynard,Daw,mdawkx@oakley.com,Male,Azerbaijan,64
755,,,,,,
756,Rheba,Lynes,rlyneskz@fotki.com,Female,Jamaica,52
757,Cornelle,Ollive,collivel0@gov.uk,Female,Spain,26
758,Rhianna,Philpault,rphilpaultl1@nhs.uk,Female,China,70
759,Levi,Cann,lcannl2@shutterfly.com,Male,Colombia,56
760,Sutherlan,Rayworth,srayworthl3@sbwire.com,Male,China,54
761,Anna-diane,Jacquemot,ajacquemotl4@aboutads.info,Female,Russia,82
762,Matti,Bullin,mbullinl5@nifty.com,Female,Togo,27
763,Krishna,Squibbes,ksquibbesl6@cargocollective.com,Male,Ukraine,59
764,Leda,Colchett,lcolchettl7@amazon.de,Female,Greece,48
765,Winnie,Banthorpe,wbanthorpel8@netvibes.com,Genderfluid,China,52
766,Haily,Greene,hgreenel9@imgur.com,Male,Poland,63
767,Wat,Krout,wkroutla@dropbox.com,Male,Canada,31
768,Baxter,Kimmins,bkimminslb@ameblo.jp,Male,Russia,60
769,Sarena,Kenington,skeningtonlc@ox.ac.uk,Female,Brazil,30
770,Maryann,Sorensen,msorensenld@alexa.com,Female,Indonesia,85
771,Hardy,Heifer,hheiferle@weebly.com,Male,Russia,26
772,Ellery,Nicholas,enicholaslf@jimdo.com,Male,China,46
773,Felita,Woodburne,fwoodburnelg@foxnews.com,Genderqueer,Slovenia,50
774,Rurik,Trahear,rtrahearlh@wix.com,Male,Czech Republic,90
775,Jamie,Ridesdale,jridesdaleli@jalbum.net,Male,Greece,82
776,Hernando,Craske,hcraskelj@boston.com,Male,Latvia,75
777,Tannie,Vinnick,tvinnicklk@blogger.com,Male,Philippines,75
778,,,,,,
779,Gabriele,de Glanville,gdeglanvillelm@webnode.com,Polygender,China,63
780,Cody,Jadczak,cjadczakln@tamu.edu,Female,Poland,48
781,Hilary,Fallanche,hfallanchelo@sakura.ne.jp,Female,China,26
782,Karla,Shimwell,kshimwelllp@comcast.net,Polygender,Brazil,61
783,Ada,Tomankowski,atomankowskilq@wisc.edu,Female,Russia,79
784,Dorie,Threlfall,dthrelfalllr@msn.com,Male,Madagascar,70
785,Ted,Gores,tgoresls@cargocollective.com,Female,United States,82
786,Josh,Gogin,jgoginlt@gizmodo.com,Male,Philippines,64
787,,,,,,
788,Morissa,Dainty,mdaintylv@hibu.com,Female,Indonesia,60
789,Huntlee,Shann,hshannlw@psu.edu,Polygender,Ukraine,50
790,Osbourne,Trusse,otrusselx@tamu.edu,Bigender,Hungary,42
791,Dalila,Butchard,dbutchardly@feedburner.com,Female,China,55
792,Dawna,Plowright,dplowrightlz@github.io,Female,France,80
793,Roldan,Stebbing,rstebbingm0@ustream.tv,Male,China,89
794,,,,,,
795,Reese,Ayshford,rayshfordm2@hhs.gov,Polygender,China,24
796,Benetta,McAleese,bmcaleesem3@arstechnica.com,Female,Sri Lanka,43
797,Luciana,La Rosa,llarosam4@flickr.com,Genderfluid,Sweden,20
798,Jewel,Boner,jbonerm5@epa.gov,Agender,Greece,29
799,Gilli,Acory,gacorym6@naver.com,Female,China,31
800,Pierrette,Le Marquis,plemarquism7@webs.com,Female,Serbia,87
801,Rhett,Tertre,rtertrem8@google.cn,Male,China,79
802,Valina,Burdytt,vburdyttm9@so-net.ne.jp,Female,Thailand,51
803,Emory,Peasee,epeaseema@mysql.com,Male,Philippines,45
804,Ealasaid,Malafe,emalafemb@house.gov,Female,Bulgaria,51
805,Fraze,Giacopetti,fgiacopettimc@free.fr,Male,Zimbabwe,57
806,Frederich,Yurygyn,fyurygynmd@seattletimes.com,Male,Poland,48
807,Eddie,Angrave,eangraveme@e-recht24.de,Male,Finland,54
808,Rozalin,Kempson,rkempsonmf@bbc.co.uk,Female,Australia,60
809,,,,,,
810,Everett,Bernetti,ebernettimh@nbcnews.com,Male,Yemen,26
811,Vic,Momford,vmomfordmi@wsj.com,Male,Indonesia,83
812,Shannon,Caso,scasomj@ted.com,Female,Japan,39
813,Silvio,Randalson,srandalsonmk@hexun.com,Male,Greece,70
814,Hatty,Pottiphar,hpottipharml@prlog.org,Female,Indonesia,83
815,Ingrid,Antonias,iantoniasmm@sun.com,Female,Germany,29
816,Bailie,Rickets,bricketsmn@tamu.edu,Male,Germany,56
817,Raychel,Riggoll,rriggollmo@toplist.cz,Female,China,36
818,Wyndham,Kimberly,wkimberlymp@mediafire.com,Agender,Sweden,41
819,Winfred,Smyley,wsmyleymq@reuters.com,Male,China,76
820,Merv,Darby,mdarbymr@hubpages.com,Male,Peru,35
821,Carla,Paule,cpaulems@abc.net.au,Female,Yemen,55
822,Lesley,Raith,lraithmt@zimbio.com,Male,Dominican Republic,31
823,Mikol,Justun,mjustunmu@epa.gov,Male,China,87
824,Sela,Royans,sroyansmv@miibeian.gov.cn,Female,New Zealand,33
825,Dunstan,Plank,dplankmw@tumblr.com,Male,China,33
826,Patrica,Sturdy,psturdymx@cbslocal.com,Female,China,46
827,Tawnya,Burrells,tburrellsmy@jugem.jp,Female,France,48
828,Cristian,Habbershon,chabbershonmz@elpais.com,Male,China,68
829,Curran,Whapple,cwhapplen0@clickbank.net,Male,Brazil,62
830,Emelda,Jouning,ejouningn1@soundcloud.com,Female,Colombia,28
831,Ely,Farnes,efarnesn2@eventbrite.com,Male,Ukraine,44
832,Linnell,Race,lracen3@jiathis.com,Female,Vietnam,77
833,Giselbert,Roxbee,groxbeen4@dot.gov,Male,China,57
834,Blanca,Renish,brenishn5@nydailynews.com,Female,Indonesia,43
835,Peadar,Clutten,pcluttenn6@dailymail.co.uk,Bigender,Brazil,53
836,Andreas,Klemensiewicz,aklemensiewiczn7@tmall.com,Male,Russia,73
837,Goldie,Molan,gmolann8@spiegel.de,Female,Japan,82
838,Korrie,Steptoe,ksteptoen9@businessweek.com,Female,Brazil,63
839,Frasco,Abramcik,fabramcikna@1und1.de,Male,Vietnam,46
840,Jamison,Kelleway,jkellewaynb@virginia.edu,Male,Cuba,19
841,Casandra,Cuttelar,ccuttelarnc@npr.org,Female,Poland,80
842,Kally,Prentice,kprenticend@utexas.edu,Female,China,37
843,,,,,,
844,Kimble,Swaile,kswailenf@usda.gov,Male,China,80
845,Sadye,Mathewes,smathewesng@soup.io,Female,China,55
846,Jocelyne,Varney,jvarneynh@accuweather.com,Female,Malaysia,52
847,Hattie,Sigward,hsigwardni@google.fr,Female,Indonesia,79
848,Remy,Geering,rgeeringnj@japanpost.jp,Female,Ireland,41
849,Ilse,Maso,imasonk@tinyurl.com,Female,Ireland,57
850,Sisile,Jolland,sjollandnl@engadget.com,Female,Cyprus,49
851,Nehemiah,Thomesson,nthomessonnm@naver.com,Male,Japan,87
852,Clementia,Buxy,cbuxynn@blogtalkradio.com,Female,Bulgaria,44
853,Barry,Jellis,bjellisno@diigo.com,Female,Sweden,44
854,Ram,Hexum,rhexumnp@aol.com,Male,Brazil,58
855,Tammie,Pargetter,tpargetternq@privacy.gov.au,Male,Indonesia,68
856,Fredrick,Barfitt,fbarfittnr@storify.com,Male,Indonesia,31
857,Corbet,Lawles,clawlesns@clickbank.net,Male,Peru,47
858,,,,,,
859,Alicea,Ben,abennu@yelp.com,Female,Serbia,90
860,Kele,Vannuchi,kvannuchinv@huffingtonpost.com,Male,China,69
861,Barbee,Newcomen,bnewcomennw@google.es,Female,Indonesia,28
862,Leif,Ilyinski,lilyinskinx@techcrunch.com,Male,Peru,69
863,Gris,Reisin,greisinny@forbes.com,Male,China,66
864,Kakalina,Blackwood,kblackwoodnz@disqus.com,Female,Indonesia,61
865,Goober,Lysons,glysonso0@diigo.com,Male,Serbia,72
866,Doralyn,Labat,dlabato1@yahoo.co.jp,Female,Philippines,64
867,Leopold,Spaven,lspaveno2@state.gov,Male,China,23
868,Meara,Wollard,mwollardo3@hugedomains.com,Female,Philippines,63
869,Rich,Baglan,rbaglano4@vinaora.com,Male,China,82
870,Hart,Lionel,hlionelo5@ebay.co.uk,Male,Philippines,38
871,Rachele,Iles,rileso6@pen.io,Female,China,52
872,Myrta,Couroy,mcouroyo7@domainmarket.com,Female,Russia,23
873,Selina,Jakoviljevic,sjakoviljevico8@yale.edu,Female,Indonesia,21
874,Audry,Hulance,ahulanceo9@imdb.com,Female,Indonesia,47
875,Rodi,Edgeon,redgeonoa@jugem.jp,Female,Portugal,23
876,Arnaldo,McLise,amcliseob@chron.com,Male,Indonesia,32
877,Corinne,Pargiter,cpargiteroc@apple.com,Female,Croatia,24
878,Neysa,Dict,ndictod@hud.gov,Genderfluid,Nigeria,63
879,Hy,Doughartie,hdoughartieoe@wiley.com,Male,China,75
880,Aimee,Seller,asellerof@mail.ru,Genderqueer,China,78
881,Tedmund,Jenny,tjennyog@woothemes.com,Genderfluid,Indonesia,25
882,Juan,Dearle-Palser,jdearlepalseroh@creativecommons.org,Male,China,56
883,Robb,Bonder,rbonderoi@google.co.jp,Male,China,73
884,Marinna,Sex,msexoj@123-reg.co.uk,Female,Japan,59
885,Sarita,Bohlsen,sbohlsenok@istockphoto.com,Female,Saudi Arabia,41
886,,,,,,
887,Jaynell,Gotliffe,jgotliffeom@berkeley.edu,Female,United States,67
888,Ruprecht,Ferruzzi,rferruzzion@eepurl.com,Male,Indonesia,76
889,Frayda,Borell,fborelloo@bravesites.com,Female,Indonesia,72
890,Phillip,Laux,plauxop@webnode.com,Male,China,33
891,Nicole,Biggs,nbiggsoq@skype.com,Female,China,66
892,Augusta,Gjerde,agjerdeor@fema.gov,Female,Indonesia,63
893,Faydra,Davinet,fdavinetos@foxnews.com,Bigender,Philippines,52
894,Hanni,Burleigh,hburleighot@posterous.com,Female,Sweden,48
895,Gabe,Brockhouse,gbrockhouseou@purevolume.com,Male,Russia,28
896,Shea,Pharo,spharoov@creativecommons.org,Genderqueer,China,90
897,Amble,Worthing,aworthingow@blogger.com,Male,China,89
898,Maryrose,Desorts,mdesortsox@weibo.com,Female,Russia,42
899,Irena,Seamans,iseamansoy@dion.ne.jp,Genderfluid,Ukraine,75
900,Jecho,Shallcross,jshallcrossoz@com.com,Male,Portugal,83
901,Ruddie,Izsak,rizsakp0@forbes.com,Male,Philippines,41
902,Catherin,Reinisch,creinischp1@mail.ru,Female,Czech Republic,19
903,Clementine,Walewski,cwalewskip2@timesonline.co.uk,Female,Chile,26
904,Markos,Cottee,mcotteep3@123-reg.co.uk,Male,Poland,55
905,Fidel,Salvati,fsalvatip4@eepurl.com,Male,Indonesia,65
906,Jennifer,Allon,jallonp5@yellowpages.com,Female,Brazil,50
907,Arch,Pawling,apawlingp6@ucsd.edu,Male,China,30
908,Rubetta,Moodycliffe,rmoodycliffep7@hp.com,Female,China,27
909,Vikky,Pengelly,vpengellyp8@discuz.net,Female,Indonesia,56
910,Poppy,Josofovitz,pjosofovitzp9@buzzfeed.com,Female,Mexico,72
911,Winfred,Brotherheed,wbrotherheedpa@furl.net,Male,Azerbaijan,39
912,Roberto,Ferguson,rfergusonpb@webs.com,Male,Slovenia,30
913,Batsheva,Francescotti,bfrancescottipc@reverbnation.com,Female,Indonesia,77
914,Sula,Beardwell,sbeardwellpd@admin.ch,Genderqueer,China,58
915,Delmor,Moorwood,dmoorwoodpe@google.co.uk,Male,Colombia,87
916,Blisse,Alfonsetto,balfonsettopf@storify.com,Genderqueer,Russia,19
917,Candi,Janssens,cjanssenspg@youtu.be,Female,Kosovo,70
918,Francklyn,Beagles,fbeaglesph@youtube.com,Male,Russia,59
919,Brigham,Peterkin,bpeterkinpi@nbcnews.com,Male,Liberia,32
920,Augy,Bushe,abushepj@instagram.com,Male,China,58
921,Ellie,Comelli,ecomellipk@sourceforge.net,Female,China,40
922,Levey,Cuerda,lcuerdapl@illinois.edu,Male,China,81
923,Shep,O'Quin,soquinpm@prweb.com,Male,Sweden,37
924,Meta,Girvan,mgirvanpn@squarespace.com,Female,Guatemala,19
925,Celestyn,Thoma,cthomapo@aboutads.info,Female,Belarus,80
926,Rinaldo,McArthur,rmcarthurpp@miibeian.gov.cn,Male,Brazil,27
927,Esmeralda,Blasing,eblasingpq@wufoo.com,Female,Poland,76
928,,,,,,
929,Shamus,Bristow,sbristowps@bbb.org,Genderqueer,Indonesia,53
930,Dallas,Allcorn,dallcornpt@reference.com,Male,Philippines,76
931,Anatola,Youdell,ayoudellpu@4shared.com,Female,Angola,57
932,Essie,Zelland,ezellandpv@free.fr,Female,Libya,33
933,Hartley,Fairbrace,hfairbracepw@japanpost.jp,Male,Belarus,50
934,Scottie,Boate,sboatepx@usgs.gov,Male,Botswana,18
935,Abbie,Arsmith,aarsmithpy@yellowbook.com,Female,Mexico,57
936,Idelle,Quilleash,iquilleashpz@msu.edu,Female,China,37
937,Phillipe,Geary,pgearyq0@drupal.org,Male,China,86
938,Sasha,Eccott,seccottq1@51.la,Male,Nigeria,37
939,Odell,Bassil,obassilq2@amazon.com,Male,Japan,89
940,Regan,Strathdee,rstrathdeeq3@unblog.fr,Male,Indonesia,25
941,Farris,Spini,fspiniq4@woothemes.com,Male,Cambodia,61
942,Elisha,Ahearne,eahearneq5@privacy.gov.au,Female,Nicaragua,54
943,Gabby,Simoncini,gsimonciniq6@cmu.edu,Male,Russia,24
944,Aldrich,Jewise,ajewiseq7@wix.com,Male,China,55
945,Brittni,Grote,bgroteq8@theatlantic.com,Female,Dominica,36
946,Hilliard,Cullinane,hcullinaneq9@webmd.com,Male,China,41
947,Kissee,Schultheiss,kschultheissqa@arstechnica.com,Female,Cuba,52
948,Paxon,Penhearow,ppenhearowqb@accuweather.com,Male,China,23
949,Lissy,Gueinn,lgueinnqc@aboutads.info,Female,Israel,82
950,Rhianon,Rugge,rruggeqd@cam.ac.uk,Female,Brazil,74
951,Alberta,Domingues,adominguesqe@freewebs.com,Female,Russia,74
952,Karlens,Pringley,kpringleyqf@hao123.com,Male,France,51
953,Ara,Tuma,atumaqg@elpais.com,Male,Chile,44
954,Cliff,Baiden,cbaidenqh@nsw.gov.au,Male,China,63
955,Tomkin,MacTurlough,tmacturloughqi@amazon.de,Male,United States,52
956,Amber,Bagwell,abagwellqj@sina.com.cn,Female,China,75
957,Dorie,Hebborn,dhebbornqk@tumblr.com,Male,China,29
958,Tessy,Dellenbach,tdellenbachql@macromedia.com,Female,Indonesia,61
959,Gran,Wormstone,gwormstoneqm@wunderground.com,Male,Portugal,65
960,Mommy,Bard,mbardqn@meetup.com,Female,Philippines,86
961,Shaun,Winder,swinderqo@unblog.fr,Female,Russia,74
962,Layney,Bubbings,lbubbingsqp@samsung.com,Female,Portugal,72
963,Joey,Bergen,jbergenqq@chronoengine.com,Male,China,52
964,Bondy,Nannizzi,bnannizziqr@istockphoto.com,Male,Italy,36
965,Yves,Brouwer,ybrouwerqs@geocities.com,Male,Indonesia,55
966,Marguerite,Marchington,mmarchingtonqt@unc.edu,Female,Dominican Republic,21
967,Thacher,Formigli,tformigliqu@jalbum.net,Male,Australia,73
968,Glynn,Poznan,gpoznanqv@engadget.com,Male,Indonesia,58
969,Prentice,Boyington,pboyingtonqw@amazon.de,Male,Kazakhstan,53
970,Lucy,Rivalant,lrivalantqx@google.com.br,Female,China,71
971,Abeu,Fife,afifeqy@va.gov,Male,French Polynesia,31
972,Loretta,Ede,ledeqz@amazon.co.uk,Female,Germany,57
973,Frederik,Rubinivitz,frubinivitzr0@about.com,Male,Brazil,81
974,Salomo,Clowes,sclowesr1@hibu.com,Male,China,77
975,Adham,Haylor,ahaylorr2@mediafire.com,Male,Sweden,78
976,Talia,Fearnyhough,tfearnyhoughr3@prweb.com,Female,Albania,66
977,Trueman,Hagley,thagleyr4@123-reg.co.uk,Male,Brazil,84
978,Petrina,Burkart,pburkartr5@facebook.com,Female,Ukraine,21
979,Cortie,Woolfoot,cwoolfootr6@toplist.cz,Male,Portugal,74
980,Suzy,Minihan,sminihanr7@usa.gov,Non-binary,Argentina,51
981,Leopold,Mussard,lmussardr8@cmu.edu,Male,Portugal,63
982,Karie,Scurrey,kscurreyr9@gmpg.org,Female,China,67
983,Latrena,O'Farrell,lofarrellra@trellian.com,Female,Colombia,76
984,Elbertine,Faveryear,efaveryearrb@nhs.uk,Female,Thailand,71
985,Editha,Lucia,eluciarc@acquirethisname.com,Female,Argentina,90
986,Bone,Pohlak,bpohlakrd@amazonaws.com,Male,Portugal,72
987,Edlin,Bee,ebeere@instagram.com,Male,Greece,81
988,Paula,Shird,pshirdrf@archive.org,Female,Iraq,81
989,Bendicty,Willbond,bwillbondrg@dmoz.org,Male,China,84
990,Mirilla,Grece,mgrecerh@sphinn.com,Female,Poland,69
991,Farah,Linger,flingerri@cocolog-nifty.com,Female,Japan,54
992,Minor,Brisker,mbriskerrj@ucoz.ru,Male,China,66
993,Shayne,Buttery,sbutteryrk@sciencedaily.com,Male,Poland,18
994,Mandi,Ibbison,mibbisonrl@dropbox.com,Female,Indonesia,72
995,Cybill,Kinnoch,ckinnochrm@biblegateway.com,Female,Honduras,38
996,Dorothy,King,dkingrn@diigo.com,Female,Philippines,25
997,Lev,Tandey,ltandeyro@discuz.net,Male,Japan,76
998,Kelsy,Lambol,klambolrp@epa.gov,Female,Russia,54
999,Luella,Krienke,lkrienkerq@washington.edu,Female,Indonesia,71
1000,Lorin,Miller,lmillerrr@nhs.uk,Polygender,Indonesia,18
